City_ID,City,Country,Date,Lat,Lng,Max Temp,Humidity,Cloudiness,Wind Speed
0,Luderitz,NA,2021-07-12 19:09:50,-26.6481,15.1594,56.88,75,53,14.14
1,Hermanus,ZA,2021-07-12 19:08:13,-34.4187,19.2345,48.79,69,100,27.51
2,Nantucket,US,2021-07-12 19:15:06,41.2835,-70.0995,75.31,88,90,6.91
3,Flin Flon,CA,2021-07-12 19:15:07,54.7682,-101.865,79.23,30,2,14.05
4,Mataura,NZ,2021-07-12 19:09:17,-46.1927,168.8643,39.49,97,100,2.15
5,Ouadda,CF,2021-07-12 19:15:08,8.0777,22.4007,69.17,95,71,3.6
6,Albany,US,2021-07-12 19:09:18,42.6001,-73.9662,73.67,94,100,3.85
7,Lososina,RU,2021-07-12 19:15:09,48.9975,140.3106,60.84,99,49,2.59
8,Omboue,GA,2021-07-12 19:10:31,-1.5746,9.2618,73.49,85,8,11.45
9,Iwanai,JP,2021-07-12 19:15:10,42.9744,140.5089,66.11,97,41,4.83
10,Pevek,RU,2021-07-12 19:09:49,69.7008,170.3133,41.72,85,9,10.94
11,La Ronge,CA,2021-07-12 19:14:06,55.1001,-105.2842,74.37,38,64,9.69
12,Qaanaaq,GL,2021-07-12 19:10:15,77.484,-69.3632,42.46,63,28,6.22
13,Hilo,US,2021-07-12 19:10:26,19.7297,-155.09,78.28,87,90,6.91
14,Roura,GF,2021-07-12 19:15:12,4.7263,-52.3274,87.71,66,40,8.05
15,Hambantota,LK,2021-07-12 19:10:58,6.1241,81.1185,79.3,82,99,17.98
16,East London,ZA,2021-07-12 19:12:18,-33.0153,27.9116,65.73,62,72,22.46
17,Khatanga,RU,2021-07-12 19:09:47,71.9667,102.5,44.98,74,100,3.51
18,New Norfolk,AU,2021-07-12 19:10:18,-42.7826,147.0587,48.92,82,88,1.99
19,Brae,GB,2021-07-12 19:14:30,60.3964,-1.353,58.91,84,100,4.85
20,Cape Town,ZA,2021-07-12 19:05:19,-33.9258,18.4232,51.12,67,99,22.15
21,Christchurch,NZ,2021-07-12 19:12:42,-43.5333,172.6333,35.02,88,75,2.3
22,Saint-Philippe,RE,2021-07-12 19:10:29,-21.3585,55.7679,69.35,81,46,15.77
23,Hobart,AU,2021-07-12 19:05:36,-42.8794,147.3294,49.26,83,94,1.99
24,Warrnambool,AU,2021-07-12 19:13:28,-38.3833,142.4833,49.8,91,100,14.47
25,Castro,BR,2021-07-12 19:09:42,-24.7911,-50.0119,68.16,51,69,6.4
26,Hovd,MN,2021-07-12 19:11:49,48.0056,91.6419,60.8,52,54,6.67
27,Cidreira,BR,2021-07-12 19:12:34,-30.1811,-50.2056,63.86,73,100,11.12
28,Sangueya,GN,2021-07-12 19:15:19,10.7,-14.3667,76.93,90,100,3.33
29,Saint-Pierre,RE,2021-07-12 19:10:54,-21.3393,55.4781,69.44,68,20,10.36
30,Vredendal,ZA,2021-07-12 19:12:24,-31.6683,18.5012,48.49,77,11,14.72
31,Kruisfontein,ZA,2021-07-12 19:09:48,-34.0033,24.7314,52.88,79,100,28.1
32,Tilichiki,RU,2021-07-12 19:12:49,60.4667,166.1,53.87,79,2,3.02
33,Puerto Ayora,EC,2021-07-12 19:09:26,-0.7393,-90.3518,75.54,81,61,5.99
34,Tuktoyaktuk,CA,2021-07-12 19:10:06,69.4541,-133.0374,50.56,56,100,3.67
35,Quatre Cocos,MU,2021-07-12 19:11:27,-20.2078,57.7625,71.1,69,39,20.18
36,Zambezi,ZM,2021-07-12 19:15:22,-13.5432,23.1047,60.84,41,0,5.21
37,Rikitea,PF,2021-07-12 19:09:18,-23.1203,-134.9692,73.92,74,1,13.65
38,Cockburn Town,TC,2021-07-12 19:11:04,21.4612,-71.1419,81.72,84,94,22.48
39,Banamba,ML,2021-07-12 19:15:23,13.55,-7.45,91.89,39,96,7.81
40,Rocha,UY,2021-07-12 19:13:40,-34.4833,-54.3333,65.32,86,100,8.63
41,Talara,PE,2021-07-12 19:15:24,-4.5772,-81.2719,77.76,65,0,13.8
42,Souillac,MU,2021-07-12 19:09:58,-20.5167,57.5167,71.37,73,17,18.79
43,Geraldton,AU,2021-07-12 19:10:00,-28.7667,114.6,64.81,68,75,21.85
44,Aberdeen,GB,2021-07-12 19:13:45,57.1437,-2.0981,65.5,88,90,6.91
45,Bluff,NZ,2021-07-12 19:09:22,-46.6,168.3333,45.86,76,83,4.94
46,Sept-Iles,CA,2021-07-12 19:12:03,50.2001,-66.3821,68.05,54,16,5.99
47,Grants Pass,US,2021-07-12 19:14:35,42.439,-123.3284,88.61,35,1,1.01
48,Plettenberg Bay,ZA,2021-07-12 19:15:27,-34.0527,23.3716,49.41,82,100,19.51
49,Ucluelet,CA,2021-07-12 19:13:20,48.9329,-125.5528,83.05,89,16,4.97
50,Punta Arenas,CL,2021-07-12 19:08:56,-53.15,-70.9167,35.71,87,75,34.52
51,Noumea,NC,2021-07-12 19:15:28,-22.2763,166.4572,69.01,99,100,7.78
52,Vaini,TO,2021-07-12 19:10:35,-21.2,-175.2,73.56,100,75,4.61
53,Lorengau,PG,2021-07-12 19:09:32,-2.0226,147.2712,81.95,78,25,10.54
54,La Plata,AR,2021-07-12 19:15:00,-34.9215,-57.9545,66.02,90,100,3.0
55,Bagotville,AU,2021-07-12 19:15:30,-28.9833,153.4167,49.64,90,7,5.53
56,Port Blair,IN,2021-07-12 19:14:29,11.6667,92.75,80.42,83,96,9.98
57,Lompoc,US,2021-07-12 19:09:16,34.6391,-120.4579,92.7,66,1,13.8
58,Wewak,PG,2021-07-12 19:15:31,-3.5534,143.6268,79.79,85,74,10.2
59,Sioux Lookout,CA,2021-07-12 19:11:16,50.1001,-91.917,89.33,25,0,15.1
60,Saint George,US,2021-07-12 19:06:39,37.1041,-113.5841,104.47,21,1,1.01
61,Saldanha,ZA,2021-07-12 19:10:20,-33.0117,17.9442,52.14,60,96,25.43
62,Grand Gaube,MU,2021-07-12 19:15:33,-20.0064,57.6608,72.0,67,1,7.0
63,Vieux-Habitants,GP,2021-07-12 19:13:59,16.0589,-61.7659,85.57,67,35,14.43
64,Ostrovnoy,RU,2021-07-12 19:10:46,68.0531,39.5131,54.45,72,100,10.02
65,Labuan,MY,2021-07-12 19:15:34,5.2767,115.2417,77.16,78,100,6.96
66,San Quintin,MX,2021-07-12 19:15:34,30.4833,-115.95,73.29,62,100,8.39
67,Tocopilla,CL,2021-07-12 19:15:36,-22.092,-70.1979,66.94,69,78,9.84
68,Kodiak,US,2021-07-12 19:09:55,57.79,-152.4072,53.11,82,90,12.66
69,Ushuaia,AR,2021-07-12 19:09:19,-54.8,-68.3,33.46,86,90,16.11
70,Busselton,AU,2021-07-12 19:09:25,-33.65,115.3333,56.05,76,45,26.37
71,Avarua,CK,2021-07-12 19:12:06,-21.2078,-159.775,77.05,78,20,11.5
72,Ancud,CL,2021-07-12 19:12:32,-41.8697,-73.8203,47.73,73,86,4.29
73,Lavrentiya,RU,2021-07-12 19:15:38,65.5833,-171.0,46.22,89,83,6.8
74,Garissa,KE,2021-07-12 19:15:38,-0.4536,39.6401,76.87,59,5,19.89
75,Simiti,CO,2021-07-12 19:15:39,7.9579,-73.9436,94.44,49,7,4.18
76,Kapaa,US,2021-07-12 19:10:00,22.0752,-159.319,80.58,80,75,4.0
77,Iqaluit,CA,2021-07-12 19:09:13,63.7506,-68.5145,46.13,81,90,3.0
78,El Monte,US,2021-07-12 19:14:47,34.0686,-118.0276,105.33,53,1,5.75
79,Kaitangata,NZ,2021-07-12 19:09:43,-46.2817,169.8464,41.94,84,100,5.37
80,Carnarvon,AU,2021-07-12 19:10:51,-24.8667,113.6333,64.47,65,40,8.05
81,Anadyr,RU,2021-07-12 19:15:42,64.75,177.4833,61.3,77,0,5.99
82,Coquimbo,CL,2021-07-12 19:13:49,-29.9533,-71.3436,60.53,67,75,12.66
83,La Seyne-Sur-Mer,FR,2021-07-12 19:15:43,43.0982,5.8847,78.64,71,100,1.99
84,Sitka,US,2021-07-12 19:15:44,57.0531,-135.33,57.09,82,90,6.91
85,Nichinan,JP,2021-07-12 19:15:44,31.6,131.3667,76.3,86,98,5.14
86,Nome,US,2021-07-12 19:09:14,64.5011,-165.4064,59.16,67,1,9.22
87,Jalu,LY,2021-07-12 19:15:45,29.0331,21.5482,94.84,22,0,7.09
88,Butaritari,KI,2021-07-12 19:09:24,3.0707,172.7902,82.65,76,90,14.34
89,Bredasdorp,ZA,2021-07-12 19:10:22,-34.5322,20.0403,48.27,77,100,19.77
90,Cheshire,US,2021-07-12 19:15:47,41.499,-72.9007,77.72,76,90,4.61
91,Saint-Francois,FR,2021-07-12 19:12:32,46.4154,3.9054,61.18,94,100,3.44
92,Tutoia,BR,2021-07-12 19:11:11,-2.7619,-42.2744,85.98,70,81,9.64
93,Jamestown,US,2021-07-12 19:09:20,42.097,-79.2353,78.03,79,75,3.0
94,Port Lincoln,AU,2021-07-12 19:06:49,-34.7333,135.8667,51.6,77,100,9.69
95,Port Alfred,ZA,2021-07-12 19:09:21,-33.5906,26.891,61.0,66,52,28.97
96,Prince George,CA,2021-07-12 19:15:50,53.9166,-122.753,76.24,44,1,1.01
97,Antigonish,CA,2021-07-12 19:15:50,45.6169,-61.9986,72.14,50,100,5.99
98,Dzhebariki-Khaya,RU,2021-07-12 19:15:51,62.2167,135.8,54.05,76,98,3.6
99,Srandakan,ID,2021-07-12 19:15:51,-7.9386,110.2506,56.73,91,37,5.39
100,Sirjan,IR,2021-07-12 19:15:52,29.452,55.6814,88.81,21,49,14.45
101,Paamiut,GL,2021-07-12 19:10:59,61.994,-49.6678,40.35,91,100,10.16
102,Saskylakh,RU,2021-07-12 19:10:39,71.9167,114.0833,52.61,59,99,5.97
103,Barrow,US,2021-07-12 19:10:58,71.2906,-156.7887,48.22,71,1,19.57
104,Pingzhuang,CN,2021-07-12 19:15:54,42.0372,119.2889,70.45,95,100,13.22
105,Constitucion,CL,2021-07-12 19:10:56,-35.3333,-72.4167,54.03,63,0,3.36
106,Tateyama,JP,2021-07-12 19:15:55,34.9833,139.8667,76.1,90,100,9.24
107,Atuona,PF,2021-07-12 19:10:20,-9.8,-139.0333,78.06,75,6,20.09
108,Chuy,UY,2021-07-12 19:12:21,-33.6971,-53.4616,63.95,82,100,7.0
109,Dokka,NO,2021-07-12 19:15:56,60.84,10.0618,74.41,63,38,4.74
110,Georgetown,MY,2021-07-12 19:09:39,5.4112,100.3354,81.9,84,20,0.0
111,Ponta Do Sol,PT,2021-07-12 19:10:10,32.6667,-17.1,74.12,68,100,9.48
112,Ilo,PE,2021-07-12 19:15:58,-17.6394,-71.3375,65.26,72,0,9.22
113,Gondanglegi,ID,2021-07-12 19:15:58,-7.7479,112.0132,74.61,90,24,11.7
114,Bansgaon,IN,2021-07-12 19:15:59,26.5586,83.3481,85.86,71,83,6.02
115,Te Anau,NZ,2021-07-12 19:15:59,-45.4167,167.7167,31.95,94,28,0.92
116,Ilulissat,GL,2021-07-12 19:09:35,69.2167,-51.1,53.62,40,20,4.61
117,Roebourne,AU,2021-07-12 19:16:00,-20.7833,117.1333,71.19,91,10,6.46
118,Pangnirtung,CA,2021-07-12 19:09:46,66.1451,-65.7125,48.2,81,90,17.27
119,Lebu,CL,2021-07-12 19:09:28,-37.6167,-73.65,53.2,64,0,7.85
120,Cherskiy,RU,2021-07-12 19:13:18,68.75,161.3,43.7,77,100,5.84
121,Astana,KZ,2021-07-12 19:16:02,51.1801,71.446,57.15,77,40,11.18
122,Sorong,ID,2021-07-12 19:16:03,-0.8833,131.25,76.87,89,100,5.82
123,Epe,NG,2021-07-12 19:16:04,6.5841,3.9834,76.8,83,95,7.27
124,Yulara,AU,2021-07-12 19:12:01,-25.2406,130.9889,49.84,62,89,3.44
125,Kostomuksha,RU,2021-07-12 19:16:05,64.571,30.5767,69.8,61,61,6.78
126,Letlhakane,BW,2021-07-12 19:16:06,-21.4167,25.5833,58.28,38,0,2.1
127,Namatanai,PG,2021-07-12 19:11:03,-3.6667,152.4333,78.3,79,62,8.39
128,Vostok,RU,2021-07-12 19:11:10,46.4856,135.8833,62.1,95,7,3.4
129,Tazovskiy,RU,2021-07-12 19:11:07,67.4667,78.7,38.62,77,100,11.63
130,Schwandorf,DE,2021-07-12 19:16:08,49.3262,12.1093,70.48,83,64,4.16
131,Yumen,CN,2021-07-12 19:12:48,40.2833,97.2,75.22,40,1,12.62
132,Olafsvik,IS,2021-07-12 19:11:37,64.8945,-23.7142,51.33,93,100,10.71
133,Saint-Joseph,RE,2021-07-12 19:09:50,-21.3667,55.6167,68.36,78,24,14.65
134,Tiznit,MA,2021-07-12 19:16:09,29.5833,-9.5,94.33,23,100,8.37
135,Belaya Gora,RU,2021-07-12 19:16:10,68.5333,146.4167,46.83,60,92,5.03
136,Valkeala,FI,2021-07-12 19:16:10,60.9401,26.7979,77.4,57,0,4.61
137,Port Hardy,CA,2021-07-12 19:11:34,50.6996,-127.4199,59.92,77,24,8.59
138,Catuday,PH,2021-07-12 19:16:11,16.2923,119.8062,81.46,81,100,6.4
139,Arraial Do Cabo,BR,2021-07-12 19:10:06,-22.9661,-42.0278,73.26,73,0,9.22
140,Klaksvik,FO,2021-07-12 19:10:55,62.2266,-6.589,54.52,93,79,1.63
141,Camapua,BR,2021-07-12 19:12:28,-19.5314,-54.0439,89.44,18,0,5.97
142,San Patricio,US,2021-07-12 19:10:43,28.017,-97.5169,92.01,61,100,14.07
143,Airai,TL,2021-07-12 19:09:19,-8.9266,125.4092,54.0,56,5,3.62
144,Lasa,IT,2021-07-12 19:13:28,46.6166,10.7002,75.11,93,98,5.7
145,Copiapo,CL,2021-07-12 19:14:29,-27.3667,-70.3333,60.49,46,100,3.76
146,Aguimes,ES,2021-07-12 19:16:15,27.9054,-15.4461,78.66,69,14,19.57
147,Bandarbeyla,SO,2021-07-12 19:10:42,9.4942,50.8122,78.24,81,100,29.33
148,Barcelos,PT,2021-07-12 19:16:15,41.5388,-8.6151,67.91,68,27,12.17
149,Akyab,MM,2021-07-12 19:11:16,20.15,92.9,80.91,85,62,13.6
150,Vila Velha,BR,2021-07-12 19:11:31,-20.3297,-40.2925,78.96,64,0,10.36
151,Yellowknife,CA,2021-07-12 19:10:17,62.456,-114.3525,73.33,37,74,11.01
152,Prado,BR,2021-07-12 19:16:17,-17.3411,-39.2208,76.15,64,0,8.37
153,Ribeira Grande,PT,2021-07-12 19:10:04,38.5167,-28.7,72.0,68,20,10.36
154,Mandiana,GN,2021-07-12 19:16:18,10.6333,-8.6833,77.13,80,72,2.39
155,Lianran,CN,2021-07-12 19:16:19,24.9227,102.485,66.74,92,13,2.84
156,Sinjar,IQ,2021-07-12 19:13:37,36.3209,41.8754,91.22,14,0,9.62
157,Aklavik,CA,2021-07-12 19:16:20,68.2191,-135.0107,67.03,37,97,3.18
158,Bubaque,GW,2021-07-12 19:11:24,11.2833,-15.8333,79.77,79,100,7.94
159,Khakhea,BW,2021-07-12 19:16:21,-24.6895,23.494,57.54,26,0,11.48
160,Chokurdakh,RU,2021-07-12 19:11:08,70.6333,147.9167,39.25,57,100,7.78
161,Los Llanos De Aridane,ES,2021-07-12 19:12:45,28.6585,-17.9182,71.35,83,20,16.11
162,Jambi,ID,2021-07-12 19:16:22,-1.6,103.6167,74.25,95,100,2.82
163,Pontianak,ID,2021-07-12 19:10:04,-0.0333,109.3333,76.98,100,90,2.3
164,Ust-Ilimsk,RU,2021-07-12 19:16:23,58.0006,102.6619,57.74,70,5,3.15
165,Havre-Saint-Pierre,CA,2021-07-12 19:16:23,50.2334,-63.5986,73.76,33,20,13.8
166,Hithadhoo,MV,2021-07-12 19:09:30,-0.6,73.0833,82.09,74,100,5.46
167,Esna,EG,2021-07-12 19:16:25,25.2934,32.554,95.02,15,2,12.21
168,San Andres,CO,2021-07-12 19:16:25,12.5847,-81.7006,86.02,74,75,12.66
169,Karratha,AU,2021-07-12 19:16:26,-20.7377,116.8463,71.96,90,9,6.96
170,Karlstad,SE,2021-07-12 19:16:26,59.3793,13.5036,70.36,56,0,2.3
171,Coihaique,CL,2021-07-12 19:12:04,-45.5752,-72.0662,48.15,53,75,5.75
172,Isla Mujeres,MX,2021-07-12 19:16:27,21.2311,-86.731,89.65,66,93,10.16
173,Butterworth,MY,2021-07-12 19:16:28,5.3991,100.3638,82.0,86,20,0.0
174,Mar Del Plata,AR,2021-07-12 19:09:31,-38.0023,-57.5575,60.01,61,100,5.01
175,Ornskoldsvik,SE,2021-07-12 19:13:33,63.2909,18.7153,68.95,68,77,5.75
176,Vanavara,RU,2021-07-12 19:12:33,60.34,102.2797,58.21,94,100,3.36
177,Pirovskoye,RU,2021-07-12 19:16:29,57.6267,92.2658,54.82,95,79,3.4
178,Waipawa,NZ,2021-07-12 19:11:26,-41.4122,175.5153,43.43,80,90,7.63
179,Tura,IN,2021-07-12 19:10:14,25.5198,90.2201,74.77,95,78,3.09
180,Katsuura,JP,2021-07-12 19:16:31,35.1333,140.3,76.19,91,100,9.22
181,Luau,AO,2021-07-12 19:16:31,-10.7073,22.2247,63.91,34,79,2.51
182,Bethel,US,2021-07-12 19:06:31,41.3712,-73.414,82.04,90,90,1.01
183,Aykhal,RU,2021-07-12 19:16:32,66.0,111.5,56.03,79,96,7.65
184,Tiksi,RU,2021-07-12 19:12:38,71.6872,128.8694,42.15,69,72,4.27
185,Nogliki,RU,2021-07-12 19:16:33,51.8333,143.1667,60.35,98,100,4.27
186,Pitimbu,BR,2021-07-12 19:16:34,-7.4706,-34.8086,81.19,77,98,16.53
187,Joshimath,IN,2021-07-12 19:16:34,30.5667,79.5667,69.42,87,90,1.54
188,Beyneu,KZ,2021-07-12 19:11:46,45.3167,55.2,83.82,24,0,11.48
189,Aquidaba,BR,2021-07-12 19:16:35,-10.2814,-37.0186,74.34,80,71,10.45
190,Praxedis Guerrero,MX,2021-07-12 19:16:36,31.3667,-106.0167,89.82,38,0,9.82
191,Lucapa,AO,2021-07-12 19:16:36,-8.4192,20.7447,69.94,25,5,1.7
192,Hualmay,PE,2021-07-12 19:16:37,-11.0964,-77.6139,68.05,70,100,12.41
193,Basco,PH,2021-07-12 19:16:38,20.4487,121.9702,84.2,79,38,15.48
194,Dikson,RU,2021-07-12 19:09:36,73.5069,80.5464,33.12,94,100,20.8
195,Walvis Bay,NA,2021-07-12 19:10:33,-22.9575,14.5053,58.08,68,0,18.54
196,Ibotirama,BR,2021-07-12 19:16:39,-12.1853,-43.2206,89.76,21,98,5.37
197,Khor,RU,2021-07-12 19:16:40,47.8861,134.9464,68.32,94,7,3.42
198,Chapais,CA,2021-07-12 19:12:10,49.7834,-74.8492,80.19,23,0,4.27
199,San Fernando,PH,2021-07-12 19:16:04,15.0286,120.6898,81.14,82,98,3.36
200,Norman Wells,CA,2021-07-12 19:10:01,65.282,-126.8329,76.5,29,11,2.39
201,Provideniya,RU,2021-07-12 19:10:33,64.3833,-173.3,54.46,74,86,4.38
202,Tuatapere,NZ,2021-07-12 19:11:08,-46.1333,167.6833,39.24,89,74,4.45
203,Sabzevar,IR,2021-07-12 19:16:42,36.2126,57.6819,84.4,25,2,16.73
204,Ambilobe,MG,2021-07-12 19:16:43,-13.2,49.05,68.25,71,0,5.1
205,Soyo,AO,2021-07-12 19:12:24,-6.1349,12.3689,72.34,88,11,9.19
206,Berdigestyakh,RU,2021-07-12 19:16:44,62.0989,126.6992,54.63,72,46,3.91
207,Brza Palanka,RS,2021-07-12 19:16:44,44.4709,22.444,75.11,44,0,2.13
208,Sangar,RU,2021-07-12 19:12:59,63.9242,127.4739,56.19,72,100,5.46
209,Tautira,PF,2021-07-12 19:09:54,-17.7333,-149.15,82.42,78,26,18.61
210,Goderich,CA,2021-07-12 19:12:18,43.7501,-81.7165,78.21,68,100,10.33
211,San Juan,AR,2021-07-12 19:16:46,-31.5375,-68.5364,65.71,34,14,10.33
212,Acarau,BR,2021-07-12 19:12:41,-2.8856,-40.12,84.24,66,100,19.69
213,Hami,CN,2021-07-12 19:12:10,42.8,93.45,81.32,29,75,15.08
214,Calarasi,MD,2021-07-12 19:16:47,47.2544,28.3081,75.02,91,96,5.01
215,Borujerd,IR,2021-07-12 19:16:48,33.8973,48.7516,81.18,13,0,5.95
216,Bambous Virieux,MU,2021-07-12 19:16:48,-20.3428,57.7575,71.85,68,40,14.97
217,Bengkulu,ID,2021-07-12 19:10:36,-3.8004,102.2655,74.14,90,59,4.07
218,Nikolskoye,RU,2021-07-12 19:09:37,59.7035,30.7861,75.09,59,0,3.94
219,Bilibino,RU,2021-07-12 19:16:50,68.0546,166.4372,71.08,45,21,3.71
220,Ladario,BR,2021-07-12 19:16:50,-19.0047,-57.6017,93.29,27,0,11.5
221,Moose Factory,CA,2021-07-12 19:16:51,51.2585,-80.6094,84.2,34,1,9.22
222,Aksha,RU,2021-07-12 19:16:52,50.2814,113.2867,60.12,94,83,3.56
223,Agadez,NE,2021-07-12 19:16:52,19.75,10.25,95.74,10,100,6.49
224,New London,US,2021-07-12 19:16:53,41.4834,-72.0662,76.71,80,90,3.0
225,Okhotsk,RU,2021-07-12 19:16:53,59.3833,143.3,54.3,94,100,1.79
226,Kavieng,PG,2021-07-12 19:10:37,-2.5744,150.7967,81.95,77,21,14.94
227,Nhulunbuy,AU,2021-07-12 19:10:34,-12.2333,136.7667,75.81,73,9,8.05
228,Opportunity,US,2021-07-12 19:16:55,47.6499,-117.2399,94.91,20,1,5.75
229,Djambala,CG,2021-07-12 19:16:55,-2.5447,14.7533,74.3,44,16,3.18
230,Cam Ranh,VN,2021-07-12 19:16:56,11.9214,109.1591,78.76,83,20,4.61
231,Fortuna,US,2021-07-12 19:06:30,40.5982,-124.1573,64.85,95,90,11.5
232,Esperance,AU,2021-07-12 19:10:23,-33.8667,121.9,58.84,70,100,25.79
233,Victoria,HK,2021-07-12 19:09:29,22.2855,114.1577,86.32,84,99,1.01
234,Lagoa,PT,2021-07-12 19:10:46,39.05,-27.9833,66.97,74,2,16.44
235,Amuntai,ID,2021-07-12 19:16:58,-2.4177,115.2494,73.9,99,100,1.19
236,West Wendover,US,2021-07-12 19:16:59,40.7391,-114.0733,97.81,12,1,8.05
237,Shingu,JP,2021-07-12 19:09:56,33.7333,135.9833,74.91,87,13,3.94
238,Kuching,MY,2021-07-12 19:17:00,1.55,110.3333,75.42,94,40,2.3
239,Husavik,IS,2021-07-12 19:10:18,66.0449,-17.3389,61.32,65,98,3.56
240,Champerico,GT,2021-07-12 19:17:01,14.3,-91.9167,91.94,70,100,5.03
241,Saint-Georges,GD,2021-07-12 19:12:07,12.0564,-61.7485,83.88,79,20,17.27
242,Mikhaylovka,RU,2021-07-12 19:17:02,50.06,43.2379,67.8,55,0,7.67
243,Diffa,NE,2021-07-12 19:10:51,13.3154,12.6113,90.01,41,64,10.98
244,Mollendo,PE,2021-07-12 19:17:03,-17.0231,-72.0147,64.53,69,100,6.96
245,Asau,RO,2021-07-12 19:10:11,46.4333,26.4,72.39,92,6,4.79
246,Longyearbyen,SJ,2021-07-12 19:12:04,78.2186,15.6401,42.64,87,75,5.75
247,Suicheng,CN,2021-07-12 19:17:04,33.8963,117.9331,77.67,94,100,8.79
248,Zhigansk,RU,2021-07-12 19:12:41,66.7697,123.3711,50.85,80,100,5.1
249,Namibe,AO,2021-07-12 19:11:40,-15.1961,12.1522,64.65,75,99,9.4
250,Vila Franca Do Campo,PT,2021-07-12 19:11:51,37.7167,-25.4333,70.21,67,16,11.54
251,Mayo,US,2021-07-12 19:11:52,38.8876,-76.5119,96.08,68,1,5.01
252,Kaeo,NZ,2021-07-12 19:13:19,-35.1,173.7833,50.32,82,100,8.3
253,Hunchun,CN,2021-07-12 19:17:07,42.8675,130.3581,66.67,98,46,2.46
254,Pisco,PE,2021-07-12 19:09:57,-13.7,-76.2167,69.85,68,0,11.5
255,Nador,MA,2021-07-12 19:17:07,35.174,-2.9287,89.67,32,0,19.57
256,Alice Springs,AU,2021-07-12 19:11:39,-23.7,133.8833,62.15,22,94,8.05
257,Key West,US,2021-07-12 19:15:29,24.5557,-81.7826,84.2,72,75,12.66
258,Caravelas,BR,2021-07-12 19:12:32,-17.7125,-39.2481,75.74,66,0,7.31
259,Port Hedland,AU,2021-07-12 19:10:03,-20.3167,118.5667,68.05,100,40,0.0
260,Camacha,PT,2021-07-12 19:13:01,33.0833,-16.3333,68.76,78,40,18.41
261,Deputatskiy,RU,2021-07-12 19:12:44,69.3,139.9,42.3,83,100,2.86
262,Kamiiso,JP,2021-07-12 19:17:10,41.8167,140.65,66.63,98,100,4.41
263,Fort Nelson,CA,2021-07-12 19:15:04,58.8053,-122.7002,75.2,36,100,3.76
264,Palmer,US,2021-07-12 19:14:50,42.1584,-72.3287,72.95,78,90,1.99
265,Urumqi,CN,2021-07-12 19:16:06,43.801,87.6005,72.55,38,0,6.71
266,Podosinovets,RU,2021-07-12 19:17:12,60.2776,47.0659,64.09,92,100,1.79
267,Qaqortoq,GL,2021-07-12 19:17:13,60.7167,-46.0333,48.7,81,93,12.33
268,Kirakira,SB,2021-07-12 19:17:13,-10.4544,161.9205,79.11,86,87,7.96
269,Kamina,CD,2021-07-12 19:17:14,-8.7386,24.9906,62.2,34,5,3.8
270,Petropavlovsk-Kamchatskiy,RU,2021-07-12 19:09:41,53.0452,158.6483,57.79,94,75,6.71
271,Liaozhong,CN,2021-07-12 19:17:15,41.5061,122.7242,81.09,72,100,14.16
272,Sawtell,AU,2021-07-12 19:17:16,-30.3833,153.1,49.19,95,2,4.61
273,Inirida,CO,2021-07-12 19:17:16,3.8653,-67.9239,86.86,65,38,1.59
274,Port Hawkesbury,CA,2021-07-12 19:14:43,45.6169,-61.3485,72.43,67,99,8.99
275,Rimouski,CA,2021-07-12 19:12:50,48.4488,-68.524,66.51,49,0,2.57
276,Sao Filipe,CV,2021-07-12 19:10:27,14.8961,-24.4956,73.38,80,100,7.58
277,Mahebourg,MU,2021-07-12 19:10:59,-20.4081,57.7,71.26,71,20,20.54
278,Neepawa,CA,2021-07-12 19:17:18,50.2289,-99.4664,79.2,36,0,14.67
279,Port Said,EG,2021-07-12 19:17:19,31.2565,32.2841,80.58,78,0,11.5
280,Vomp,AT,2021-07-12 19:17:19,47.3333,11.6833,82.71,81,63,3.94
281,Honiara,SB,2021-07-12 19:11:19,-9.4333,159.95,76.01,89,81,6.46
282,Guerrero Negro,MX,2021-07-12 19:11:38,27.9769,-114.0611,76.96,58,83,10.96
283,Mount Gambier,AU,2021-07-12 19:11:00,-37.8333,140.7667,49.91,100,90,9.22
284,Codrington,AU,2021-07-12 19:09:40,-38.2667,141.9667,50.05,94,100,11.81
285,Morondava,MG,2021-07-12 19:17:21,-20.2833,44.2833,71.83,75,0,13.6
286,Matay,EG,2021-07-12 19:17:22,28.419,30.7792,90.14,20,0,7.99
287,Rossano,IT,2021-07-12 19:17:22,39.5751,16.6349,76.42,58,0,3.38
288,Kuusamo,FI,2021-07-12 19:17:23,65.9667,29.1833,69.84,49,0,9.22
289,Gladstone,AU,2021-07-12 19:17:24,-23.85,151.25,56.79,88,55,4.61
290,Porto Novo,BJ,2021-07-12 19:17:24,6.4965,2.6036,78.62,79,99,8.63
291,Libreville,GA,2021-07-12 19:17:25,0.3925,9.4537,80.62,83,20,10.36
292,Half Moon Bay,US,2021-07-12 19:13:22,37.4636,-122.4286,83.97,73,1,1.01
293,Colares,PT,2021-07-12 19:17:26,38.7992,-9.4469,68.29,62,20,11.99
294,Imeni Poliny Osipenko,RU,2021-07-12 19:17:26,52.4201,136.4853,65.26,96,100,2.3
295,Sakakah,SA,2021-07-12 19:17:27,29.9697,40.2064,98.17,13,0,16.58
296,Thompson,CA,2021-07-12 19:09:30,55.7435,-97.8558,71.06,54,100,7.02
297,Grindavik,IS,2021-07-12 19:17:28,63.8424,-22.4338,53.55,87,75,18.41
298,Leh,IN,2021-07-12 19:17:28,34.1667,77.5833,64.09,47,32,6.35
299,Salalah,OM,2021-07-12 19:13:11,17.0151,54.0924,80.69,94,90,5.75
300,Cabedelo,BR,2021-07-12 19:17:29,-6.9811,-34.8339,81.27,78,91,17.02
301,Shushenskoye,RU,2021-07-12 19:17:30,53.325,91.9356,60.48,89,26,3.36
302,Sur,OM,2021-07-12 19:11:08,22.5667,59.5289,87.96,64,100,10.47
303,Zlobin,HR,2021-07-12 19:17:31,45.2924,14.6541,70.9,80,0,4.61
304,Ekpoma,NG,2021-07-12 19:17:31,6.7421,6.139,70.36,97,100,4.14
305,Samarai,PG,2021-07-12 19:10:42,-10.6167,150.6667,78.76,84,82,11.99
306,Haines Junction,CA,2021-07-12 19:12:10,60.7522,-137.5108,54.93,69,100,3.67
307,Barra Patuca,HN,2021-07-12 19:17:33,15.8,-84.2833,81.48,82,93,11.92
308,Kindu,CD,2021-07-12 19:12:43,-2.95,25.95,74.01,35,7,0.67
309,Vanimo,PG,2021-07-12 19:17:33,-2.6741,141.3028,77.23,92,29,6.26
310,Sidi Ali,DZ,2021-07-12 19:17:34,36.0998,0.4206,85.32,31,82,18.21
311,Bairnsdale,AU,2021-07-12 19:17:35,-37.8333,147.6167,50.7,84,91,1.01
312,Denizli,TR,2021-07-12 19:17:35,37.8402,29.0698,88.65,31,22,6.73
313,Birin,NP,2021-07-12 19:17:36,26.8865,88.0718,64.65,89,6,3.53
314,Tanacu,RO,2021-07-12 19:17:36,46.6833,27.8167,72.16,75,99,6.13
315,Sao Joao Da Barra,BR,2021-07-12 19:13:07,-21.6403,-41.0511,78.89,74,0,9.35
316,Hella,NO,2021-07-12 19:17:37,67.2,14.4333,65.05,74,40,3.44
317,Doha,QA,2021-07-12 19:13:10,25.2867,51.5333,97.11,46,0,9.22
318,Stromness,GB,2021-07-12 19:17:38,58.965,-3.296,57.16,87,100,5.26
319,Atambua,ID,2021-07-12 19:17:39,-9.1061,124.8925,66.2,86,13,5.88
320,Itarema,BR,2021-07-12 19:12:14,-2.9248,-39.9167,83.48,67,90,18.5
321,Porto Velho,BR,2021-07-12 19:17:10,-8.7619,-63.9039,93.25,21,0,5.75
322,Wangqing,CN,2021-07-12 19:17:41,43.3218,129.7634,66.24,96,11,2.39
323,Meulaboh,ID,2021-07-12 19:17:41,4.1363,96.1285,76.19,87,97,4.21
324,Ulladulla,AU,2021-07-12 19:09:59,-35.35,150.4667,49.87,71,2,6.53
325,Donskoye,RU,2021-07-12 19:17:42,45.4552,41.9741,81.63,32,100,12.82
326,Beringovskiy,RU,2021-07-12 19:17:43,63.05,179.3167,59.09,61,65,4.92
327,Mimongo,GA,2021-07-12 19:17:43,-1.6195,11.6068,70.3,79,96,1.16
328,Kalmunai,LK,2021-07-12 19:17:44,7.4167,81.8167,81.46,69,100,5.86
329,Dunedin,NZ,2021-07-12 19:10:16,-45.8742,170.5036,41.81,78,100,1.99
330,Axim,GH,2021-07-12 19:17:45,4.8699,-2.2405,76.59,76,97,7.72
331,Teya,RU,2021-07-12 19:17:45,60.3778,92.6267,45.97,71,96,0.76
332,Belyy Yar,RU,2021-07-12 19:12:35,53.6039,91.3903,58.89,82,0,2.24
333,Guadalupe Y Calvo,MX,2021-07-12 19:17:46,26.1,-106.9667,66.79,65,84,0.36
334,Tanete,ID,2021-07-12 19:17:47,-3.9443,119.7848,73.09,97,64,4.7
335,Semirom,IR,2021-07-12 19:17:47,31.4167,51.5667,72.43,17,4,2.91
336,Anshan,CN,2021-07-12 19:17:48,41.1236,122.99,77.92,72,100,14.23
337,Marrakesh,MA,2021-07-12 19:15:07,31.6315,-8.0083,96.87,30,40,11.5
338,Hobyo,SO,2021-07-12 19:09:34,5.3505,48.5268,78.21,78,77,29.39
339,Tasiilaq,GL,2021-07-12 19:10:21,65.6145,-37.6368,50.16,93,100,15.1
340,Hasaki,JP,2021-07-12 19:11:46,35.7333,140.8333,73.8,92,100,4.99
341,Baneh,IR,2021-07-12 19:07:16,35.9975,45.8853,71.44,21,0,3.09
342,Angoche,MZ,2021-07-12 19:17:50,-16.2325,39.9086,72.16,81,0,5.39
343,Abnub,EG,2021-07-12 19:17:51,27.2696,31.1511,95.22,19,0,10.74
344,Eyl,SO,2021-07-12 19:10:57,7.9803,49.8164,79.2,76,100,25.79
345,Saint Anthony,US,2021-07-12 19:17:52,45.0205,-93.218,85.33,40,1,3.0
346,Butte,US,2021-07-12 19:14:26,39.6499,-121.5677,110.41,33,1,3.44
347,Yura,PE,2021-07-12 19:17:53,-16.2522,-71.6797,63.12,15,40,9.22
348,Beloha,MG,2021-07-12 19:12:42,-25.1667,45.05,65.75,86,0,7.4
349,Plainview,US,2021-07-12 19:17:54,40.7765,-73.4673,89.69,80,90,1.99
350,Upernavik,GL,2021-07-12 19:10:31,72.7868,-56.1549,43.12,64,1,8.16
351,Peace River,CA,2021-07-12 19:17:55,56.2501,-117.286,79.11,31,20,4.61
352,Severo-Kurilsk,RU,2021-07-12 19:09:48,50.6789,156.125,51.51,96,82,8.16
353,Isangel,VU,2021-07-12 19:10:31,-19.55,169.2667,71.38,90,100,14.07
354,Fakel,RU,2021-07-12 19:17:56,57.6325,53.0252,58.51,89,15,3.44
355,Polyarnyy,RU,2021-07-12 19:12:52,69.1989,33.4478,70.27,90,100,0.67
356,Kameshkovo,RU,2021-07-12 19:17:57,56.3481,41.0047,68.07,60,5,3.71
357,Vestmannaeyjar,IS,2021-07-12 19:12:48,63.4427,-20.2734,52.79,100,90,23.02
358,Chardara,KZ,2021-07-12 19:17:58,41.2547,67.9692,76.51,29,0,2.48
359,Nouadhibou,MR,2021-07-12 19:17:58,20.931,-17.0347,76.98,78,22,16.11
360,Sarkand,KZ,2021-07-12 19:12:39,45.41,79.9186,67.53,40,4,7.36
361,Dandong,CN,2021-07-12 19:17:59,40.1292,124.3947,72.97,90,100,4.88
362,Dukat,RU,2021-07-12 19:18:00,62.55,155.55,50.7,92,100,5.64
363,Port-Gentil,GA,2021-07-12 19:13:09,-0.7193,8.7815,76.1,84,50,19.22
364,Alekseyevsk,RU,2021-07-12 19:18:01,57.8406,108.3492,55.06,87,0,0.49
365,Ust-Nera,RU,2021-07-12 19:18:02,64.5667,143.2,53.8,75,79,4.07
366,Comodoro Rivadavia,AR,2021-07-12 19:18:02,-45.8667,-67.5,53.46,37,75,20.71
367,Garden City,US,2021-07-12 19:14:03,42.3256,-83.331,73.31,92,90,1.01
368,Visnes,NO,2021-07-12 19:18:03,59.3556,5.2242,66.11,82,75,8.05
369,Le Vauclin,MQ,2021-07-12 19:18:04,14.5452,-60.8388,86.05,70,75,18.41
370,Sohbatpur,PK,2021-07-12 19:18:05,28.5202,68.5434,88.79,52,100,12.17
371,Harper,LR,2021-07-12 19:11:54,4.375,-7.7169,77.04,76,59,9.28
372,Lichuan,CN,2021-07-12 19:18:05,30.3,108.85,64.49,98,25,2.44
373,Progreso,MX,2021-07-12 19:17:52,21.2833,-89.6667,91.51,66,100,17.54
374,Lufilufi,WS,2021-07-12 19:18:06,-13.8745,-171.5986,74.98,78,31,23.38
375,Sao Jose Da Coroa Grande,BR,2021-07-12 19:18:07,-8.8978,-35.1478,78.33,76,0,11.52
376,Alberton,CA,2021-07-12 19:18:07,46.8168,-64.0654,68.13,64,0,9.37
377,Torbay,CA,2021-07-12 19:11:32,47.6666,-52.7314,72.88,78,33,4.65
378,Xichang,CN,2021-07-12 19:14:40,27.8964,102.2634,66.81,94,100,0.45
379,Tobe,JP,2021-07-12 19:18:09,33.7447,132.7901,72.66,88,2,2.15
380,Mantua,IT,2021-07-12 19:18:09,45.1667,10.7833,86.32,64,64,5.99
381,Enshi,CN,2021-07-12 19:18:10,30.3,109.4833,71.67,98,32,1.41
382,Mayskiy,RU,2021-07-12 19:18:10,47.6931,40.1025,78.44,49,0,8.68
383,Guanay,BO,2021-07-12 19:18:11,-15.4975,-67.8797,84.79,53,77,3.65
384,Ulaangom,MN,2021-07-12 19:18:12,49.9811,92.0667,62.96,61,17,3.78
385,Mehamn,NO,2021-07-12 19:18:12,71.0357,27.8492,55.58,97,100,19.46
386,Kuala Terengganu,MY,2021-07-12 19:18:13,5.3302,103.1408,76.95,94,40,4.61
387,Prince Rupert,CA,2021-07-12 19:16:41,54.3161,-130.3201,62.29,81,1,4.61
388,Ahipara,NZ,2021-07-12 19:11:18,-35.1667,173.1667,53.37,65,100,17.16
389,Conde,BR,2021-07-12 19:18:14,-7.2597,-34.9075,80.06,78,20,13.8
390,Iralaya,HN,2021-07-12 19:18:15,15.0,-83.2333,86.09,82,36,15.35
391,Sayyan,YE,2021-07-12 19:10:09,15.1718,44.3244,68.13,51,100,1.57
392,Port Keats,AU,2021-07-12 19:18:15,-14.25,129.55,67.3,34,98,9.35
393,Shenjiamen,CN,2021-07-12 19:18:16,29.9576,122.298,79.12,89,100,25.08
394,Mineros,BO,2021-07-12 19:18:17,-17.1167,-63.2333,89.19,29,0,12.08
395,Dali,CN,2021-07-12 19:18:17,25.7,100.1833,63.16,94,37,5.28
396,Berlevag,NO,2021-07-12 19:09:53,70.8578,29.0864,53.55,94,75,4.61
397,Port Elizabeth,ZA,2021-07-12 19:09:45,-33.918,25.5701,55.09,76,75,32.21
398,Shimoda,JP,2021-07-12 19:14:59,34.6667,138.95,73.11,90,100,3.71
399,Vyyezdnoye,RU,2021-07-12 19:18:19,55.3815,43.7864,64.98,62,0,2.71
400,Bathsheba,BB,2021-07-12 19:10:03,13.2167,-59.5167,84.81,74,40,20.71
401,Sechura,PE,2021-07-12 19:18:20,-5.5569,-80.8222,76.84,61,61,13.31
402,Amapa,BR,2021-07-12 19:13:07,1.0,-52.0,84.79,63,100,3.4
403,Venado Tuerto,AR,2021-07-12 19:18:22,-33.7456,-61.9688,64.89,78,100,2.64
404,Nanakuli,US,2021-07-12 19:18:22,21.3906,-158.1547,81.1,61,1,10.36
405,Bani Walid,LY,2021-07-12 19:18:23,31.7566,13.9942,80.06,44,0,11.32
406,Kirkwall,GB,2021-07-12 19:18:23,58.9848,-2.9587,57.25,94,90,4.61
407,Lamballe,FR,2021-07-12 19:18:24,48.4676,-2.5144,62.08,84,22,1.01
408,Starosubkhangulovo,RU,2021-07-12 19:18:24,53.1031,57.4423,60.39,65,88,3.38
409,Sabang,ID,2021-07-12 19:10:17,5.8933,95.3214,82.81,75,97,16.6
410,Poum,NC,2021-07-12 19:18:25,-20.2333,164.0167,69.4,75,7,8.79
411,Pacific Grove,US,2021-07-12 19:11:04,36.6177,-121.9166,86.81,85,75,1.99
412,Inta,RU,2021-07-12 19:18:26,66.0317,60.1659,44.89,67,100,3.87
413,Castro-Urdiales,ES,2021-07-12 19:18:27,43.3829,-3.2204,64.62,75,49,18.92
414,Knysna,ZA,2021-07-12 19:18:27,-34.0363,23.0471,48.58,80,100,17.31
415,Turukhansk,RU,2021-07-12 19:18:28,65.8167,87.9833,41.02,69,100,6.91
416,Zherdevka,RU,2021-07-12 19:18:28,51.8486,41.4606,66.33,62,0,8.23
417,Moron,AR,2021-07-12 19:18:29,-34.6534,-58.6198,66.99,88,100,3.04
418,Adrar,MR,2021-07-12 19:18:30,20.5022,-10.0711,101.66,18,9,8.9
419,Tapiramuta,BR,2021-07-12 19:14:19,-11.8472,-40.7914,71.87,57,100,10.07
420,Jiangyou,CN,2021-07-12 19:14:07,31.7667,104.7167,75.9,93,7,1.48
421,Richards Bay,ZA,2021-07-12 19:11:20,-28.783,32.0377,71.33,47,6,16.51
422,Awjilah,LY,2021-07-12 19:18:31,29.1081,21.2869,94.51,23,0,6.2
423,Teguldet,RU,2021-07-12 19:12:10,57.3064,88.1667,55.94,96,25,4.59
424,Margate,GB,2021-07-12 19:12:19,51.3813,1.3862,64.69,95,100,1.99
425,Innisfail,AU,2021-07-12 19:18:33,-17.5333,146.0333,68.02,85,100,5.1
426,Okha,RU,2021-07-12 19:14:47,53.5739,142.9478,57.07,99,100,5.44
427,Taoudenni,ML,2021-07-12 19:09:40,22.6783,-3.9836,107.13,13,32,4.81
428,Kochevo,RU,2021-07-12 19:18:34,59.5994,54.3125,50.92,61,9,3.76
429,Bambanglipuro,ID,2021-07-12 19:18:34,-7.95,110.2833,56.61,91,34,5.37
430,Puerto Del Rosario,ES,2021-07-12 19:18:35,28.5004,-13.8627,80.28,73,2,12.66
431,Hamilton,US,2021-07-12 19:12:20,39.1834,-84.5333,85.03,76,20,1.01
432,Terrace,CA,2021-07-12 19:14:12,54.5163,-128.6035,70.43,54,100,1.74
433,Kiunga,PG,2021-07-12 19:18:36,-6.1219,141.2906,72.28,100,79,1.9
434,Tazmalt,DZ,2021-07-12 19:18:37,36.3868,4.3989,94.12,22,100,5.23
435,Ravar,IR,2021-07-12 19:18:37,31.2656,56.8055,93.92,11,0,2.71
436,Pervomayskiy,RU,2021-07-12 19:18:38,53.2485,40.2871,66.74,62,0,7.2
437,Sunnyside,US,2021-07-12 19:18:38,46.3237,-120.0087,95.32,16,0,1.48
438,Panalingaan,PH,2021-07-12 19:18:39,8.7842,117.4231,78.66,84,100,2.3
439,Lar,IN,2021-07-12 19:18:40,26.2039,83.9717,86.95,68,92,6.04
440,Taltal,CL,2021-07-12 19:18:40,-25.4,-70.4833,61.3,76,53,2.82
441,Say,NE,2021-07-12 19:18:41,13.1007,2.3689,93.76,39,86,4.05
442,Kristiansund,NO,2021-07-12 19:18:41,63.1115,7.732,64.45,77,75,4.61
443,Podor,MR,2021-07-12 19:18:42,16.6527,-14.9587,96.62,34,72,5.14
444,Bloomington,US,2021-07-12 19:18:42,44.8408,-93.2983,85.21,42,20,1.01
445,Payo,ID,2021-07-12 19:18:43,-3.7508,103.6372,72.63,93,100,2.17
446,Castanos,MX,2021-07-12 19:18:44,26.7833,-101.4167,81.99,69,75,9.22
447,Vardo,NO,2021-07-12 19:18:44,70.3705,31.1107,57.4,93,75,14.97
448,Yangambi,CD,2021-07-12 19:18:45,0.8102,24.4336,75.58,64,97,2.13
449,Jackson,US,2021-07-12 19:15:29,42.4165,-122.8345,87.15,36,1,0.0
450,Inhambane,MZ,2021-07-12 19:09:51,-23.865,35.3833,62.58,88,0,3.44
451,Ixtapa,MX,2021-07-12 19:18:46,20.7,-105.2,89.22,66,20,8.05
452,Tecuala,MX,2021-07-12 19:18:47,22.3986,-105.4569,90.25,52,97,5.44
453,Windhoek,NA,2021-07-12 19:15:54,-22.5594,17.0832,50.2,37,4,2.3
454,San Miguel,SV,2021-07-12 19:18:48,13.4833,-88.1833,91.06,67,0,5.75
455,Emborion,GR,2021-07-12 19:18:49,40.4833,21.55,77.36,45,18,2.08
456,Chirongui,YT,2021-07-12 19:18:49,-12.9319,45.1483,75.13,67,0,2.73
457,Hanzhong,CN,2021-07-12 19:18:50,33.0728,107.0303,73.2,92,1,1.63
458,Hounde,BF,2021-07-12 19:18:50,11.5,-3.5167,86.29,50,66,2.21
459,Taonan,CN,2021-07-12 19:18:51,45.3333,122.7833,72.34,91,100,9.91
460,Denpasar,ID,2021-07-12 19:17:14,-8.65,115.2167,80.26,89,20,5.75
461,Kokopo,PG,2021-07-12 19:18:52,-4.352,152.2633,76.91,80,70,6.06
462,Faanui,PF,2021-07-12 19:10:24,-16.4833,-151.75,79.56,74,2,22.5
463,Ukiah,US,2021-07-12 19:15:14,39.1502,-123.2078,102.43,29,1,0.0
464,Verkhnevilyuysk,RU,2021-07-12 19:18:53,63.4453,120.3167,56.98,70,100,4.36
465,Skibbereen,IE,2021-07-12 19:18:54,51.55,-9.2667,66.0,82,81,6.38
466,Veselynove,UA,2021-07-12 19:18:54,47.3567,31.2349,73.72,81,7,6.15
467,Lovozero,RU,2021-07-12 19:18:55,68.005,35.0117,64.4,81,80,2.53
468,Adre,TD,2021-07-12 19:18:55,13.4667,22.2,74.53,69,100,20.98
469,Concepcion,CL,2021-07-12 19:18:56,-36.827,-73.0498,53.4,66,20,9.22
470,Zhezkazgan,KZ,2021-07-12 19:18:57,47.8043,67.7144,70.36,49,88,8.5
471,Portland,US,2021-07-12 19:10:57,45.5234,-122.6762,83.61,54,20,1.01
472,Ankazoabo,MG,2021-07-12 19:18:58,-22.2833,44.5167,64.85,34,4,5.93
473,Pingliang,CN,2021-07-12 19:18:58,35.5392,106.6861,73.6,42,1,5.64
474,Khash,IR,2021-07-12 19:18:59,28.2211,61.2158,88.02,16,60,4.03
475,Ovalle,CL,2021-07-12 19:14:48,-30.5983,-71.2003,63.64,56,9,5.88
476,Malanje,AO,2021-07-12 19:12:28,-9.5402,16.341,67.66,21,100,4.56
477,Jumla,NP,2021-07-12 19:12:23,29.2747,82.1838,62.49,94,96,2.17
478,Preobrazheniye,RU,2021-07-12 19:19:00,42.9019,133.9064,66.0,97,5,4.85
479,Quelimane,MZ,2021-07-12 19:19:01,-17.8786,36.8883,69.75,83,0,0.0
480,Race,SI,2021-07-12 19:19:02,46.4519,15.6814,79.32,64,0,6.91
481,Blythe,US,2021-07-12 19:19:02,33.6103,-114.5964,104.04,32,1,11.5
482,Valle De Allende,MX,2021-07-12 19:19:03,26.9333,-105.4,80.56,35,96,14.88
483,Ballangen,NO,2021-07-12 19:17:35,68.3428,16.8315,62.19,77,75,2.3
484,Gayny,RU,2021-07-12 19:19:04,60.3071,54.3241,50.45,60,6,4.03
485,Nynashamn,SE,2021-07-12 19:19:04,58.9034,17.9479,71.4,77,9,4.74
486,Shiraz,IR,2021-07-12 19:16:28,29.6036,52.5388,89.04,13,0,4.61
487,Sola,VU,2021-07-12 19:19:05,-13.8833,167.55,80.06,77,44,11.34
488,Viedma,AR,2021-07-12 19:19:06,-40.8135,-62.9967,54.32,38,0,13.33
489,Makokou,GA,2021-07-12 19:19:07,0.5738,12.8642,70.48,93,100,3.31
490,San Carlos De Bariloche,AR,2021-07-12 19:05:25,-41.1456,-71.3082,40.48,78,96,7.56
491,Westport,US,2021-07-12 19:10:10,41.1415,-73.3579,86.09,81,75,8.01
492,Kot Addu,PK,2021-07-12 19:19:08,30.4692,70.9671,82.26,80,100,27.13
493,Rawson,AR,2021-07-12 19:10:21,-43.3002,-65.1023,54.32,36,3,18.45
494,Dalvik,IS,2021-07-12 19:12:53,65.9702,-18.5286,64.27,58,14,1.1
495,Spassk,RU,2021-07-12 19:19:09,52.747,87.7545,56.68,98,85,2.46
496,Ciudad Bolivar,VE,2021-07-12 19:19:10,8.1222,-63.5497,89.42,51,99,8.1
497,Nouakchott,MR,2021-07-12 19:14:30,18.0858,-15.9785,84.13,76,97,16.04
498,Mezen,RU,2021-07-12 19:19:11,65.8522,44.24,55.4,56,15,5.46
499,Chaplynka,UA,2021-07-12 19:19:12,46.3651,33.5403,74.8,81,57,7.16
500,Pangai,TO,2021-07-12 19:19:12,-19.8,-174.35,77.11,88,75,6.91
501,Cabo San Lucas,MX,2021-07-12 19:11:23,22.8909,-109.9124,93.61,42,40,5.75
502,Havoysund,NO,2021-07-12 19:19:13,70.9963,24.6622,55.63,97,98,18.32
503,Faya,SA,2021-07-12 19:12:17,18.3851,42.4509,73.92,45,100,4.16
504,Buchanan,LR,2021-07-12 19:11:19,5.8808,-10.0467,80.56,79,65,10.22
505,Mattawa,US,2021-07-12 19:19:14,46.7379,-119.9028,95.34,18,0,3.71
506,Ouesso,CG,2021-07-12 19:19:15,1.6136,16.0517,73.36,86,100,2.53
507,Ust-Omchug,RU,2021-07-12 19:19:16,61.15,149.6333,52.99,95,100,4.18
508,Jurilovca,RO,2021-07-12 19:19:16,44.7667,28.8667,75.29,57,10,3.11
509,Manado,ID,2021-07-12 19:19:17,1.487,124.8455,75.97,94,40,2.3
510,Cedar City,US,2021-07-12 19:19:17,37.6775,-113.0619,91.4,18,1,10.36
511,Ambon,ID,2021-07-12 19:19:18,-3.6954,128.1814,77.14,94,40,6.91
512,Chara,RU,2021-07-12 19:19:18,56.9064,118.2631,54.59,83,100,3.6
513,Refojos De Basto,PT,2021-07-12 19:19:19,41.5132,-7.9952,64.67,58,36,5.97
514,Bay Roberts,CA,2021-07-12 19:19:20,47.5999,-53.2648,74.95,70,3,10.0
515,Troitskoye,RU,2021-07-12 19:19:20,52.9821,84.6757,60.69,90,97,2.42
516,Stein,DE,2021-07-12 19:19:21,49.4167,11.0167,73.29,67,0,5.75
517,Shelton,US,2021-07-12 19:19:21,41.3165,-73.0932,82.15,80,75,3.0
518,Phan Thiet,VN,2021-07-12 19:19:22,10.9333,108.1,77.59,87,100,3.6
519,Along,IN,2021-07-12 19:14:40,28.1667,94.7667,74.82,94,57,1.59
520,Linxia,CN,2021-07-12 19:19:23,35.6003,103.2064,62.33,58,0,3.38
521,Lewiston,US,2021-07-12 19:19:23,44.1003,-70.2148,80.53,72,75,3.44
522,Suba,PH,2021-07-12 19:19:24,10.8438,121.0102,84.74,73,100,9.19
523,Gizo,SB,2021-07-12 19:13:55,-8.103,156.8419,80.49,80,89,4.0
524,Porbandar,IN,2021-07-12 19:19:25,21.6422,69.6093,84.43,80,100,6.4
525,Talnakh,RU,2021-07-12 19:11:06,69.4865,88.3972,38.44,92,100,6.91
526,Mingshui,CN,2021-07-12 19:19:26,36.7167,117.5,80.11,86,100,15.41
527,Tucuman,AR,2021-07-12 19:19:26,-26.8241,-65.2226,73.4,43,67,2.3
528,Saint-Leu,RE,2021-07-12 19:19:27,-21.15,55.2833,68.83,86,47,5.37
529,Voloiac,RO,2021-07-12 19:19:28,44.6167,23.1,78.57,49,0,7.05
530,Ponezhukay,RU,2021-07-12 19:19:28,44.8876,39.3855,81.86,58,3,5.23
531,Mogadishu,SO,2021-07-12 19:19:29,2.0371,45.3438,77.25,87,12,20.15
532,Chernyshevskiy,RU,2021-07-12 19:19:30,63.0128,112.4714,54.41,77,83,4.23
533,Nawabganj,BD,2021-07-12 19:19:30,24.5911,88.271,83.07,78,97,7.14
534,Tashla,RU,2021-07-12 19:19:31,51.7716,52.7427,62.19,58,0,8.55
535,Sibolga,ID,2021-07-12 19:14:02,1.7427,98.7792,75.58,86,100,3.27
536,Sajanan,TN,2021-07-12 19:19:32,37.0573,9.2426,88.07,52,38,4.21
537,Kapit,MY,2021-07-12 19:19:33,2.0167,112.9333,74.53,100,100,0.81
538,Ugento,IT,2021-07-12 19:19:33,39.9263,18.1574,82.45,62,0,3.31
539,Kincardine,GB,2021-07-12 19:15:00,56.0667,-3.7167,67.55,75,100,6.35
540,Mouila,GA,2021-07-12 19:19:34,-1.8685,11.0559,78.78,64,100,3.38
541,Galle,LK,2021-07-12 19:19:35,6.0367,80.217,79.57,86,98,15.88
542,Erdenet,MN,2021-07-12 19:19:35,49.0333,104.0833,54.63,93,100,0.72
543,Nybro,SE,2021-07-12 19:19:36,56.7446,15.9071,71.22,72,23,6.02
544,Impfondo,CG,2021-07-12 19:19:36,1.6381,18.0667,75.18,67,41,2.28
545,Ust-Karsk,RU,2021-07-12 19:19:37,52.7011,118.8077,62.24,99,100,2.95
546,Llanes,ES,2021-07-12 19:19:37,43.4198,-4.7549,64.87,79,55,18.48
547,Voskresenskoye,RU,2021-07-12 19:19:38,56.8381,45.4317,67.17,66,2,4.38
548,Alofi,NU,2021-07-12 19:13:42,-19.0595,-169.9187,71.49,100,40,2.3
549,San Borja,BO,2021-07-12 19:19:39,-14.8167,-66.85,89.6,41,53,5.66
550,Miragoane,HT,2021-07-12 19:19:40,18.4423,-73.0876,83.75,65,99,7.54
551,Ola,RU,2021-07-12 19:19:40,59.5833,151.2833,51.71,92,100,1.99
552,Andenes,NO,2021-07-12 19:19:41,69.3143,16.1194,58.98,82,75,3.44
553,Ingraj Bazar,IN,2021-07-12 19:19:41,25.0,88.15,84.42,76,81,7.02
554,Ingham,US,2021-07-12 19:19:42,42.6,-84.3833,72.3,94,90,4.61
555,Arlit,NE,2021-07-12 19:15:09,18.7369,7.3853,102.99,8,0,10.8
